
INSERT INTO `calendars` (`id_calendar`, `date_calendar`, `img_path`, `id_venue`, `id_event`, `active`) VALUES
(13, '2018-12-28 19:00:00', NULL, 2, 8, 1),
(14, '2019-03-31 14:00:00', NULL, 7, 2, 1),
(15, '2018-12-26 22:30:00', NULL, 2, 5, 1),
(16, '2018-12-14 19:00:00', NULL, 6, 1, 1),
(17, '2018-12-20 21:00:00', NULL, 4, 4, 1),
(18, '2018-12-27 21:00:00', NULL, 5, 3, 1),
(19, '2018-12-30 21:00:00', NULL, 4, 3, 1),
(20, '2018-12-29 21:00:00', NULL, 4, 3, 1),
(21, '2018-12-28 21:00:00', NULL, 4, 3, 1);


INSERT INTO `artists_x_calendar` (`id_artist`, `id_calendar`) VALUES
(1, 15),
(2, 14),
(3, 14),
(4, 14),
(7, 14),
(12, 14),
(14, 14),
(15, 14),
(16, 14),
(17, 14),
(18, 14),
(19, 13),
(20, 14),
(22, 14),
(23, 14),
(25, 14),
(26, 14),
(27, 14),
(28, 14),
(31, 16),
(33, 14),
(34, 14),
(35, 14),
(36, 18),
(36, 19),
(36, 20),
(36, 21),
(37, 17);



INSERT INTO `seats` (`id_seat`, `quant`, `price`, `remaining`, `id_seattype`, `id_calendar`, `active`) VALUES
(21, 50000, 4500, 50000, 4, 12, 1),
(22, 15000, 2000, 15000, 1, 13, 1),
(23, 20000, 1500, 20000, 3, 13, 1),
(24, 50000, 4500, 50000, 4, 14, 1),
(25, 10000, 2000, 10000, 1, 15, 1),
(26, 5000, 3000, 5000, 2, 15, 1),
(27, 20000, 1500, 20000, 3, 15, 1),
(28, 10000, 3000, 10000, 1, 16, 1),
(29, 5000, 3500, 5000, 2, 16, 1),
(30, 35000, 2000, 35000, 3, 16, 1),
(31, 2000, 900, 2000, 4, 17, 1),
(32, 1000, 900, 1000, 5, 17, 1),
(33, 2000, 900, 2000, 4, 18, 1),
(34, 1000, 900, 1000, 5, 18, 1),
(35, 2000, 900, 2000, 4, 19, 1),
(36, 1000, 900, 1000, 5, 19, 1),
(37, 2000, 900, 2000, 4, 20, 1),
(38, 1000, 900, 1000, 5, 20, 1),
(39, 2000, 900, 2000, 4, 21, 1),
(40, 1000, 900, 1000, 5, 21, 1);
